Code	Rarity	Sex	Class	ByUse	Race	Faction	Place	China	Global	Paradox	Alr_ModX	Alr_ModY	Alr_ModD	Alr_ModA	Alternate	Page
LM04	☆6	1	1	1	27	3	1	2019/07/09	2020/02/26	1	1	1	0	0	R112	131
GG01	☆6	1	0	1	0	13	7	2019/04/30	2020/01/16	1	1	1	0	0		207
FO01	☆6	1	5	0	15	35	11	2019/04/30	2020/01/16	1	1	1	0	0		119
FO03	☆6	1	5	2	15	35	11	2019/04/30	2020/01/16	1	1	0	0	0		238
RL03	☆6	1	4	4	15	21	99	2019/04/30	2020/01/16	1	1	0	0	0		213
LN02	☆6	1	4	0	11	10	5	2019/04/30	2020/01/16	1	1	0	0	0	LN10	216
PL03	☆6	1	3	0	16	5	4	2019/04/30	2020/01/16	1	1	0	0	0		237
SR02	☆6	1	6	0	6	17	10	2019/04/30	2020/01/16	1	1	1	0	0		127
JC01	☆6	0	1	8	21	11	6	2019/04/30	2020/01/16	1	0	0	0	0		40
LM05	☆6	1	2	0	10	3	3	2019/04/30	2020/01/16	0	1	1	0	0		214
RL02	☆6	1	2	2	7	21	12	2019/04/30	2020/01/16	0	1	1	0	0		208
AA01	☆6	1	1	5	99	28	19	2019/05/30	2020/02/05	1	1	1	0	0	CR01	206
SS02	☆6	1	3	6	21	24	8	2019/08/27	2020/04/29	1	1	1	0	0		234
AZ01	☆6	0	1	3	26	0	0	2019/09/10	2020/04/15	1	1	1	0	0		346
RL06	☆6	1	6	3	26	21	12	2019/10/15	2020/03/25	1	1	1	0	0		211
LT77	☆6	1	4	2	99	9	4	2019/11/19	2020/05/27	1	0	1	0	0		379
RE41	☆6	1	1	0	21	36	7	2019/12/24	2020/06/30	1	1	0	0	0		396
LM20	☆6	0	7	7	21	4	1	2020/01/16	2020/07/29	1	1	0	0	0		411
NM01	☆6	1	2	0	99	7	2	2020/01/16	2020/07/29	1	1	1	0	0		382
R155	☆6	1	4	0	23	30	16	2020/02/25	2020/08/26	1	1	1	0	0		407
RV02	☆6	1	0	0	7	12	7	2020/03/17	2020/09/10	1	1	1	0	0		388
R109	☆6	0	7	0	21	12	7	2020/04/21	2020/12/10	1	1	1	0	0		403
B214	☆6	1	3	4	15	38	11	2020/05/01	2020/12/30	0	1	1	0	0	B00W	415
R117	☆6	1	7	6	8	30	20	2020/05/01	2020/12/30	1	1	1	0	0		416
USS4	☆6	1	3	3	5	1	0	2020/06/18	2020/09/29	1	1	0	0	0		429
R172	☆6	1	6	0	6	17	3	2020/07/09	2020/10/28	0	1	1	0	0		468
II01	☆6	0	1	8	8	29	20	2020/08/11	2021/01/20	1	0	0	0	0		483
SG03	☆6	1	2	3	32	22	13	2020/08/25	2021/02/25	0	1	1	0	0		493
R111	☆6	1	1	4	15	30	99	2020/09/24	2021/03/25	0	0	0	0	0		506
KZ09	☆6	1	2	2	13	15	9	2020/10/15	2021/04/08	1	1	1	0	0		510
RE45	☆6	1	3	5	21	36	12	2020/11/01	2021/04/30	0	1	0	0	0		516
R159	☆6	1	2	4	15	30	11	2020/11/01	2021/04/30	0	1	0	0	0		517
CB05	☆6	0	1	2	21	19	12	2020/12/17	2021/06/22	1	0	1	0	0		554
LT08	☆6	1	3	0	26	9	4	2021/01/05	2021/07/06	1	1	1	0	0		562
NM02	☆6	1	4	2	99	7	2	2021/02/05	2021/07/30	1	1	1	0	0		591
HK13	☆6	1	0	1	23	8	3	2021/02/05	2021/07/30	0	1	1	0	0		585
RS01	☆6	1	3	0	99	39	99	2021/03/09	2021/08/18	0	0	1	0	0		612
SG07	☆6	0	4	6	26	22	12	2021/04/15	2021/09/30	0	1	1	0	0		625
CR01	☆6	1	6	4	99	27	19	2021/05/01	2021/10/21	0	0	0	0	0	AA01	657
B003	☆6	1	5	0	21	30	21	2021/05/01	2021/10/21	0	1	1	0	0		656
AA05	☆6	1	7	4	99	28	19	2021/05/01	2021/10/21	1	1	0	0	0		652
LN04	☆6	1	4	1	11	10	13	2021/06/01	2021/12/09	1	1	1	0	0		668
MN04	☆6	1	1	6	22	26	17	2021/07/02	2021/12/29	0	1	1	0	0		678
R112	☆6	1	3	1	27	30	1	2021/08/03	2022/01/14	1	0	0	0	0	LM04	684
HK07	☆6	0	7	1	8	8	3	2021/08/03	2022/01/14	1	1	1	0	0		685
VC10	☆6	1	0	3	7	12	7	2021/09/17	2022/03/17	1	1	0	0	0		711
KZ13	☆6	1	3	2	26	16	9	2021/10/15	2022/04/14	0	1	1	0	0		746
KZ01	☆6	1	1	5	13	15	9	2021/11/01	2022/04/28	1	1	1	0	0	FO02	748
KZ11	☆6	1	0	1	18	16	9	2021/11/01	2022/04/28	0	1	1	0	0		749
JC02	☆6	0	6	2	26	11	6	2021/12/21	2022/06/30	1	1	0	0	0		767
NM03	☆6	1	6	3	99	7	2	2022/01/25	2022/07/29	1	0	1	0	0		776
LM18	☆6	0	7	3	27	4	2	2022/01/25	2022/07/29	1	1	1	0	0		777
VC09	☆6	1	4	5	21	12	7	2022/02/15	2022/08/18	0	1	0	0	0		796
LT11	☆6	1	3	4	26	9	4	2022/03/15	2022/09/16	1	1	1	0	0		811
VC16	☆6	1	2	5	28	12	7	2022/04/14	2022/10/19	1	1	0	0	0		817
II07	☆6	1	1	1	26	29	20	2022/05/01	2022/11/03	1	0	1	0	0		846
CR02	☆6	1	7	5	8	28	19	2022/05/01	2022/11/03	1	1	1	0	0	AA02	845
II09	☆6	0	5	1	8	29	20	2022/05/01	2022/11/03	1	1	1	0	0		847
LN05	☆6	0	4	3	11	10	5	2022/06/09	2022/12/27	1	1	1	1	0		871
RL07	☆6	1	7	2	18	21	12	2022/07/05	2023/03/14	1	0	1	0	0		925
RF22	☆6	1	1	0	1	30	13	2022/08/11	2023/01/13	1	1	0	0	0	IU07	946
R145	☆6	1	3	2	28	30	0	2022/08/11	2023/01/13	1	0	1	0	0		947
KZ08	☆6	0	1	9	13	15	9	2022/09/08	2023/03/31	0	0	0	0	0		968
VC17	☆6	0	6	5	21	12	7	2022/10/11	2023/04/27	0	1	0	0	0		1024
PL07	☆6	1	7	0	28	5	12	2022/11/01	2023/05/23	0	0	1	0	0	PL02	1042
SR35	☆6	1	2	4	28	17	10	2022/11/01	2023/05/23	1	1	0	0	0		1043
SR36	☆6	0	0	2	28	17	10	2022/11/01	2023/05/23	1	0	0	0	0		1044
DB02	☆6	1	5	4	20	40	7	2022/12/15	2023/07/13	0	1	0	0	0	HT03	1058
NM04	☆6	0	1	2	99	7	2	2023/01/17	2023/07/28	1	1	0	0	0		1103
LM21	☆6	1	4	1	18	2	1	2023/01/17	2023/07/28	0	1	0	0	0		1104
YD20	☆6	1	1	8	9	6	2	2023/02/14	2023/08/22	1	0	0	0	0		1140
MH02	☆6	1	7	0	10	34	3	2023/03/07	2023/09/07	0	1	0	0	0	A41	1162
B215	☆6	1	0	4	99	30	11	2023/04/06	2023/10/24	0	0	0	0	0		1194
RL09	☆6	1	0	2	35	21	99	2023/05/01	2023/11/07	1	0	0	0	0		1244
CB88	☆6	1	4	0	99	19	12	2023/05/01	2023/11/07	0	1	0	0	0		1245
RL10	☆6	1	6	1	26	21	12	2023/05/01	2023/11/07	0	1	0	0	0	RL01	1246
LT40	☆6	0	1	7	16	9	4	2023/06/08	2023/12/21	1	1	0	0	0	LT01	1314
SI07	☆6	1	3	3	15	23	14	2023/07/06	2024/02/27	0	1	0	0	0		1338
LN10	☆6	1	5	3	11	10	5	2023/08/01	2024/01/16	0	0	0	0	0	LN02	1351
LM22	☆6	1	7	3	21	2	1	2023/08/01	2024/01/16	0	1	0	0	0	LM08	1352
BS30	☆6	1	2	6	21	20	7	2023/09/05	2024/03/19	0	0	0	0	0	BS03	1802
B216	☆6	0	1	10	15	30	11	2023/10/08	2024/04/16	0	0	0	0	0		2644
LT22	☆6	1	6	6	16	9	4	2023/11/01	2024/04/30	0	0	0	0	0		2830
LN11	☆6	1	1	4	9	10	5	2023/11/01	2024/04/30	0	0	0	0	0		2821
LN07	☆6	0	1	5	11	10	5	2023/11/01	2024/04/30	0	1	0	0	0		2822
JC07	☆6	1	1	1	11	11	5	2023/12/05	2024/06/21	0	1	0	0	0		3891
RB15	☆6	1	3	7	14	14	8	2024/01/09	2024/07/09	0	0	0	0	0		4190
NM05	☆6	1	2	2	99	7	2	2024/02/01	2024/07/31	0	1	0	0	0		4322
YD06	☆6	0	1	3	32	6	2	2024/02/01	2024/07/31	0	1	0	0	0		4323
RS05	☆6	1	7	2	99	39	99	2024/03/07		0	0	0	0	0		5919
SW00	☆6	1	7	1	15	37	11	2024/04/11		2	0	0	0	0		6112
B00W	☆6	1	3	5	15	38	11	2024/05/01		0	0	0	0	0	B214	6164
RE03	☆6	0	4	0	15	30	11	2024/05/01		0	0	0	0	0		6165
DWDB	☆6	1	6	4	99	30	11	2024/05/01		0	0	0	0	0		6162
AA00	☆6	0	1	10	8	28	19	2024/06/05		0	0	0	0	0		6176
R182	☆6	1	4	7	15	30	11	2024/07/09		0	0	0	0	0		6214
SG14	☆6	1	1	11	21	22	13	2024/08/01		0	0	0	0	0		6261
SG17	☆6	1	3	8	13	22	13	2024/08/01		0	0	0	0	0		6262
RB01	☆5	1	1	0	14	14	8	2019/04/30	2020/01/16	1	1	0	0	0		26
PL02	☆5	1	0	1	28	5	12	2019/04/30	2020/01/16	1	0	1	0	0	PL07	164
USS1	☆5	1	0	1	5	1	0	2019/04/30	2020/01/16	1	1	0	0	0		202
RL04	☆5	1	5	2	26	21	12	2019/04/30	2020/01/16	1	1	0	0	0		160
RL01	☆5	1	5	0	26	21	12	2019/04/30	2020/01/16	1	0	1	0	0	RL10	37
R106	☆5	1	5	0	15	30	11	2019/04/30	2020/01/16	1	1	0	0	0		129
R001	☆5	1	4	0	14	30	8	2019/04/30	2020/01/16	0	0	1	0	0		17
R001_2	☆5	1	1	4	14	30	8	2020/11/01	2021/04/30	0	0	0	0	0		17
R001_3	☆5	1	5	4	14	30	8	2024/05/01		0	0	0	0	0		17
VC03	☆5	1	4	0	21	12	7	2019/05/30	2020/02/05	0	0	1	0	0		136
SK01	☆5	1	4	2	21	12	7	2019/04/30	2020/01/16	1	0	1	0	0		38
SW01	☆5	1	7	0	28	37	99	2019/04/30	2020/01/16	0	0	1	0	0		122
SG01	☆5	1	7	1	25	22	13	2019/04/30	2020/01/16	1	1	0	0	0		210
JC06	☆5	1	7	4	21	11	6	2019/04/30	2020/01/16	1	1	0	0	0		124
YD01	☆5	1	7	6	5	2	2	2019/04/30	2020/01/16	1	0	1	0	0		123
SR03	☆5	1	3	6	28	17	10	2019/04/30	2020/01/16	1	1	0	0	0		132
AA03	☆5	1	3	0	3	29	99	2019/04/30	2020/01/16	1	0	1	0	0		31
ST01	☆5	1	3	2	9	30	99	2019/04/30	2020/01/16	1	0	1	0	0		223
ST03	☆5	1	3	4	15	30	11	2019/04/30	2020/01/16	1	0	1	0	0		222
KZ03	☆5	1	3	0	13	15	9	2019/04/30	2020/01/16	1	1	0	0	0		33
JC05	☆5	1	6	2	21	11	6	2019/04/30	2020/01/16	1	1	0	0	0		142
USS2	☆5	1	6	0	5	1	0	2019/04/30	2020/01/16	1	0	1	0	0		128
RL05	☆5	1	6	3	2	21	12	2019/04/30	2020/01/16	1	1	0	0	0		209
PL05	☆5	1	6	4	99	5	99	2019/04/30	2020/01/16	1	0	0	0	0		155
BS01	☆5	1	1	5	6	20	12	2019/04/30	2020/01/16	1	1	0	0	0		226
AA02	☆5	1	1	0	99	28	19	2019/04/30	2020/01/16	1	1	0	0	0	CR02	205
GG03	☆5	1	1	2	21	13	99	2019/04/30	2020/01/16	1	0	1	0	0		338
SR01	☆5	1	1	8	28	17	10	2019/04/30	2020/01/16	0	0	0	0	0		212
FO02	☆5	1	2	2	13	35	9	2019/04/30	2020/01/16	0	1	0	0	0	KZ01	30
BS02	☆5	1	2	6	7	20	18	2019/04/30	2020/01/16	1	0	0	0	0		149
MN02	☆5	1	2	4	22	26	17	2019/04/30	2020/01/16	1	1	0	0	0		203
PL04	☆5	1	2	0	22	5	17	2019/04/30	2020/01/16	1	0	1	0	0		219
VC05	☆5	1	0	0	13	12	7	2019/05/30	2020/02/05	1	1	0	0	0		215
LM08	☆5	1	1	6	21	3	1	2019/07/09	2020/02/26	1	1	0	0	0	LM22	145
R128	☆5	1	6	0	99	29	19	2019/08/27	2020/04/29	1	1	0	0	0		163
SS01	☆5	1	5	1	26	24	15	2019/08/27	2020/04/29	1	1	0	0	0		161
RR01	☆5	1	1	4	26	19	12	2019/09/10	2020/04/15	1	0	0	0	0		347
R137	☆5	0	1	5	15	30	11	2019/10/15	2020/03/25	0	0	1	0	0		167
LT01	☆5	0	3	1	16	9	4	2019/10/15	2020/03/25	1	0	0	0	0	LT40	217
R132	☆5	1	5	2	6	12	7	2019/11/01	2020/05/20	1	0	1	0	0		230
LM12	☆5	1	7	0	21	4	2	2019/11/19	2020/05/27	1	1	0	0	0		232
LM15	☆5	0	2	0	22	2	1	2019/11/19	2020/05/27	1	1	0	0	0		229
HT03	☆5	1	0	0	20	12	7	2019/12/10	2020/07/15	1	0	1	0	0	DB02	225
SR27	☆5	0	1	0	21	18	10	2019/12/10	2020/07/15	1	1	0	0	0		409
R110	☆5	1	3	0	26	30	99	2019/12/24	2020/06/30	1	0	1	0	0		220
LM16	☆5	1	7	4	26	2	1	2020/01/09	2020/07/29	1	1	0	0	0		413
LM19	☆5	0	2	2	23	4	1	2020/01/16	2020/07/29	1	0	1	0	0		412
YD05	☆5	1	4	6	12	6	2	2020/02/25	2020/08/26	1	1	0	0	0		408
R138	☆5	1	1	1	26	23	14	2020/03/17	2020/09/10	1	1	0	0	0		391
R158	☆5	0	3	4	7	22	13	2020/03/17	2020/09/10	1	1	0	0	0		390
R148	☆5	1	6	2	6	17	10	2020/04/21	2020/12/10	1	1	0	0	0		404
R126	☆5	1	1	4	22	26	17	2020/04/21	2020/12/10	1	0	0	0	0		405
R131	☆5	0	0	3	26	30	20	2020/05/01	2020/12/30	1	1	0	0	0		417
RB05	☆5	1	2	1	17	14	8	2020/06/02	2020/11/11	1	0	0	0	0		462
R129	☆5	1	6	1	9	8	3	2020/06/02	2020/11/11	1	1	0	0	0		460
US11	☆5	1	4	0	5	0	0	2020/06/18	2020/09/29	0	1	0	0	0		435
RB03	☆5	0	4	2	14	14	8	2020/06/18	2020/09/29	1	1	0	0	0		434
RB04	☆5	0	1	8	14	14	8	2020/07/09	2020/10/28	1	0	0	0	0		469
R133	☆5	1	5	0	21	30	0	2020/07/09	2020/10/28	0	0	1	0	0		470
R147	☆5	1	4	1	11	22	13	2020/07/28	2020/11/26	1	1	0	0	0		480
SR26	☆5	0	0	1	6	18	10	2020/07/28	2020/11/26	1	0	1	0	0		479
R162	☆5	1	6	3	31	22	13	2020/07/28	2021/02/04	1	1	0	0	0		478
II04	☆5	1	3	2	8	28	20	2020/08/11	2021/01/20	0	1	0	0	0		485
SG05	☆5	1	4	0	1	22	13	2020/08/25	2021/02/25	1	0	1	0	0		491
SG06	☆5	1	1	2	26	22	13	2020/08/25	2021/02/25	1	0	1	0	0		492
VC08	☆5	1	4	1	21	12	7	2020/09/24	2021/03/25	1	1	0	0	0		504
RB07	☆5	1	3	0	14	14	8	2020/09/24	2021/03/25	1	0	1	0	0		505
SR28	☆5	0	3	1	28	18	10	2020/10/15	2021/04/08	1	0	0	0	0		512
KZ07	☆5	1	1	6	13	15	9	2020/10/15	2021/04/08	1	1	0	0	0		511
R163	☆5	1	5	1	8	29	20	2020/11/01	2021/04/30	1	1	0	0	0		518
CB06	☆5	1	7	0	26	19	12	2020/12/17	2021/06/22	1	0	1	0	0		556
CB08	☆5	1	7	2	2	19	12	2020/12/17	2021/06/22	0	0	1	0	0		557
VC12	☆5	1	4	3	21	12	7	2021/01/05	2021/07/06	1	1	0	0	0		564
SG08	☆5	1	5	0	22	22	13	2021/01/19	2021/07/13	1	1	0	0	0		566
RF01	☆5	1	4	2	15	30	7	2021/02/05	2021/07/30	0	1	0	0	0	PA15	576
YD11	☆5	0	7	3	26	6	2	2021/02/05	2021/07/30	1	1	0	0	0		578
RS03	☆5	1	7	2	99	39	99	2021/03/09	2021/08/18	0	0	1	0	0		609
RS02	☆5	0	2	6	99	39	99	2021/03/09	2021/08/18	0	0	0	0	0		608
RS04	☆5	0	1	1	99	39	99	2021/03/09	2021/08/18	0	1	0	0	0		607
VC11	☆5	1	3	3	7	12	7	2021/04/15	2021/09/30	1	1	0	0	0		621
R164	☆5	1	2	0	13	30	13	2021/04/15	2021/09/30	1	0	1	0	0		620
HK04	☆5	1	1	3	8	8	3	2021/05/01	2021/10/21	1	1	0	0	0		651
HK05	☆5	1	7	1	8	8	3	2021/06/01	2021/12/09	1	1	0	0	0		666
VC14	☆5	1	7	5	11	12	7	2021/06/01	2021/12/09	1	0	1	0	0		665
BV13	☆5	1	1	7	26	25	16	2021/08/03	2022/01/14	1	1	0	0	0		687
BV12	☆5	0	1	9	23	25	16	2021/08/03	2022/01/14	1	0	0	0	0		686
YD03	☆5	1	5	3	26	6	2	2021/09/17	2022/03/17	1	0	0	0	0		710
KZ12	☆5	1	2	5	18	16	9	2021/10/15	2022/04/14	0	1	0	0	0		745
CB12	☆5	0	4	4	32	19	12	2021/11/01	2022/04/28	1	1	0	0	0		754
RB06	☆5	1	5	3	18	14	8	2021/11/01	2022/04/28	1	0	0	0	0		752
KZ14	☆5	1	0	0	13	16	9	2021/11/01	2022/04/28	1	1	0	0	0		753
JC09	☆5	1	2	3	5	11	6	2021/12/21	2022/06/30	1	1	0	0	0		766
JC00	☆5	1	4	5	99	11	6	2021/12/21	2022/06/30	1	0	1	0	0		765
VC07	☆5	0	2	1	32	12	7	2022/01/05	2022/07/14	1	0	0	0	0		771
YD09	☆5	1	6	1	9	6	2	2022/01/10	2022/07/14	0	1	0	0	0		774
RB12	☆5	1	0	2	17	14	8	2022/01/25	2022/07/29	1	0	0	0	0		779
RF02	☆5	1	3	0	14	30	8	2022/01/25	2022/07/29	0	1	0	0	0	PA12	778
R121	☆5	1	6	1	21	30	7	2022/02/15	2022/08/18	1	1	0	0	0		797
LT10	☆5	0	7	6	16	9	4	2022/03/15	2022/09/16	1	1	0	0	0		806
HK09	☆5	1	7	5	21	8	3	2022/03/15	2022/09/16	1	1	0	0	0		810
VC18	☆5	1	4	5	21	12	7	2022/04/14	2022/10/19	1	1	0	0	0		816
VC19	☆5	1	6	4	21	12	7	2022/04/14	2022/10/19	1	0	0	0	0		815
CB19	☆5	0	6	5	23	19	12	2022/05/01	2022/11/03	1	1	0	0	0		848
MN07	☆5	1	3	3	26	26	17	2022/05/19	2022/12/08	1	1	0	0	0		858
LN06	☆5	0	2	1	9	10	5	2022/06/09	2022/12/27	1	0	0	0	0		870
RF03	☆5	1	5	4	15	30	7	2022/06/09	2022/12/27	1	1	0	0	0	PA13	872
RL08	☆5	1	4	6	26	21	12	2022/07/05	2023/03/14	1	0	1	0	0		923
RF23	☆5	0	3	5	23	30	16	2022/07/05	2023/03/14	1	1	0	0	0	R119	924
R143	☆5	1	0	4	26	30	16	2022/08/11	2023/01/13	1	0	0	0	0		949
SG09	☆5	0	4	5	19	22	22	2022/08/11	2023/01/13	1	0	1	0	0		948
KZ10	☆5	1	6	0	13	15	9	2022/09/08	2023/03/31	1	1	0	0	0		969
II10	☆5	1	1	7	8	29	20	2022/09/27	2023/05/23	0	1	0	0	0		1008
R175	☆5	1	5	5	15	30	12	2022/10/11	2023/04/27	1	0	0	0	0		1023
GG04	☆5	1	1	2	21	13	7	2022/10/11	2023/04/27	1	0	1	0	0		1018
SR37	☆5	1	3	2	28	17	10	2022/11/01	2023/05/23	1	0	1	0	0		1045
SI03	☆5	0	4	0	6	23	14	2022/11/01	2023/05/23	1	0	1	0	0		1046
DB03	☆5	1	4	3	21	40	7	2022/12/15	2023/07/13	1	1	0	0	0		1057
VC21	☆5	0	0	4	7	12	7	2022/12/15	2023/07/13	0	0	0	0	0		1056
RB09	☆5	1	2	5	26	14	8	2023/01/17	2023/07/28	1	1	0	0	0		1106
YD15	☆5	1	3	4	34	6	2	2023/01/17	2023/07/28	0	0	1	0	0		1102
YD17	☆5	1	1	10	22	6	2	2023/02/14	2023/08/22	1	0	0	0	0		1142
MH03	☆5	0	1	3	10	34	3	2023/03/07	2023/09/07	0	1	0	0	0	A43	1161
RB11	☆5	1	2	3	18	14	8	2023/04/06	2023/10/24	0	1	0	0	0		1201
GG02	☆5	1	1	5	21	13	7	2023/04/06	2023/10/24	1	1	0	0	0		1198
CB22	☆5	1	3	6	32	19	12	2023/05/01	2023/11/07	1	0	1	0	0		1251
LT12	☆5	1	7	7	16	9	4	2023/06/08	2023/12/21	1	1	0	0	0		1312
LT13	☆5	0	3	0	16	9	4	2023/06/08	2023/12/21	0	1	0	0	0		1311
SI02	☆5	1	4	2	21	23	14	2023/07/06	2024/02/27	1	0	1	0	0		1339
SI06	☆5	1	6	6	15	23	14	2023/07/13	2024/03/05	0	0	0	0	0		1346
SS04	☆5	1	0	1	26	24	15	2023/08/01	2024/01/16	1	1	0	0	0		1353
SS03	☆5	0	1	6	26	24	15	2023/08/01	2024/01/16	0	1	0	0	0		1354
BS05	☆5	1	7	4	23	20	12	2023/09/05	2024/03/19	1	1	0	0	0		1806
CB28	☆5	1	3	7	9	19	12	2023/09/05	2024/03/19	0	0	0	0	0		1807
VC23	☆5	1	5	4	21	12	7	2023/10/08	2024/04/16	0	1	0	0	0		2646
VC24	☆5	1	4	3	21	12	7	2023/10/08	2024/04/16	0	1	0	0	0		2645
LN21	☆5	0	4	7	11	10	5	2023/11/01	2024/04/30	0	0	0	0	0		3151
LN13	☆5	0	2	2	28	10	5	2023/11/01	2024/04/30	0	0	1	0	0		3148
USS5	☆5	1	1	8	5	1	0	2023/12/05	2024/06/21	0	0	0	0	0		3892
VC27	☆5	0	5	3	21	12	7	2023/12/05	2024/06/21	0	0	0	0	0		3893
RB14	☆5	1	4	7	14	14	8	2024/01/09	2024/07/09	0	0	0	0	0		4191
YD13	☆5	0	0	3	22	6	2	2024/02/01	2024/07/31	0	1	0	0	0		4324
YD14	☆5	1	6	0	26	6	2	2024/02/01	2024/07/31	0	1	0	0	0		4325
SG12	☆5	1	0	1	26	22	13	2024/02/01		0	0	0	0	0		4284
RS06	☆5	0	1	6	99	39	99	2024/03/07		0	0	0	0	0		5917
RS07	☆5	1	7	5	99	39	99	2024/03/07		0	0	0	0	0		5916
RS08	☆5	1	1	0	99	39	99	2024/03/07		0	0	0	0	0		5912
SR39	☆5	1	4	4	28	17	10	2024/04/11		1	0	0	0	0		6114
R167	☆5	0	1	11	15	30	11	2024/04/11		0	0	0	0	0		6113
RF04	☆5	1	0	0	13	30	9	2024/05/01		0	0	0	0	0		6161
AE03	☆5	1	2	6	8	27	19	2024/06/05		0	0	0	0	0		6178
AE05	☆5	1	6	2	8	27	19	2024/06/05		0	0	0	0	0		6177
R184	☆5	0	0	2	15	30	11	2024/07/09		0	0	0	0	0		6213
CB30	☆5	0	7	8	99	19	99	2024/07/16		0	0	0	0	0		6216
SG23	☆5	0	6	3	26	22	13	2024/08/01		0	0	0	0	0		6263
SG19	☆5	1	5	5	21	22	13	2024/08/01		0	0	0	0	0		6264
JC04	☆4	0	0	1	4	11	6	2019/04/30	2020/01/16	0	1	0	0	0		141
SW02	☆4	1	0	1	18	37	99	2019/04/30	2020/01/16	1	1	0	0	0		32
R105	☆4	1	0	0	15	19	11	2019/04/30	2020/01/16	1	0	1	0	0		110
R104	☆4	1	5	0	6	30	99	2019/04/30	2020/01/16	1	1	0	0	0		15
IU07	☆4	1	5	0	1	30	99	2019/04/30	2020/01/16	0	0	1	0	0	RF22	154
MN03	☆4	1	5	2	6	30	17	2019/04/30	2020/01/16	1	0	1	0	0		120
VC02	☆4	1	4	0	21	12	7	2019/04/30	2020/01/16	1	1	0	0	0		137
SI01	☆4	1	4	2	9	23	14	2019/04/30	2020/01/16	1	1	0	0	0		143
KZ04	☆4	1	7	0	18	15	9	2019/04/30	2020/01/16	1	1	0	0	0		159
RB02	☆4	1	7	4	14	2	8	2019/04/30	2020/01/16	1	1	0	0	0		125
LM11	☆4	1	7	6	18	2	1	2019/04/30	2020/01/16	1	0	1	0	0		126
LM10	☆4	1	3	4	2	8	3	2019/04/30	2020/01/16	1	0	1	0	0		34
ST02	☆4	1	3	0	13	15	9	2019/04/30	2020/01/16	1	1	0	0	0		19
BS03	☆4	1	3	0	21	20	7	2019/04/30	2020/01/16	1	0	1	0	0	BS30	133
AA04	☆4	1	6	3	99	27	99	2019/04/30	2020/01/16	1	0	1	0	0		157
LN01	☆4	1	6	0	11	10	5	2019/04/30	2020/01/16	1	0	1	0	0		156
R100	☆4	1	1	6	23	30	16	2019/04/30	2020/01/16	0	0	1	0	0		146
IU04	☆4	1	1	0	1	22	99	2019/04/30	2020/01/16	1	0	1	0	0		218
US10	☆4	1	1	2	5	0	0	2019/05/30	2020/02/05	1	0	1	0	0		147
VC04	☆4	1	1	4	21	12	7	2019/04/30	2020/01/16	1	0	0	0	0		148
R123	☆4	1	1	8	6	30	12	2019/04/30	2020/01/16	1	0	0	0	0		113
HK01	☆4	1	1	5	10	8	3	2019/04/30	2020/01/16	0	0	1	0	0		121
IU05	☆4	1	2	0	24	19	99	2019/04/30	2020/01/16	1	1	0	0	0		41
USS3	☆4	1	2	2	5	1	0	2019/04/30	2020/01/16	1	1	0	0	0		151
JC03	☆4	0	2	0	22	11	6	2019/04/30	2020/01/16	1	0	1	0	0		150
R119	☆4	0	4	2	23	25	16	2019/07/09	2020/02/26	1	0	1	0	0	RF23	138
R107	☆4	1	5	0	6	30	10	2019/08/27	2020/04/29	1	1	0	0	0		162
R108	☆4	1	0	3	19	30	99	2019/09/10	2020/04/15	1	1	0	0	0		168
R124	☆4	1	2	1	6	30	12	2019/10/01	2020/05/20	1	0	0	0	0		166
R122	☆4	1	3	0	6	17	99	2019/10/15	2020/03/25	1	1	0	0	0		204
R130	☆4	0	7	1	17	30	99	2019/11/01	2020/05/20	1	1	0	0	0		231
VC01	☆4	1	3	0	26	12	7	2019/11/19	2020/05/27	1	1	0	0	0		224
LT02	☆4	1	3	2	16	9	4	2019/12/24	2020/06/30	0	1	0	0	0		221
R160	☆4	1	5	1	8	6	2	2020/03/02	2021/05/19	1	0	1	0	0		410
HK03	☆4	1	1	3	99	8	3	2020/03/17	2020/09/10	1	1	0	0	0		392
MN01	☆4	2	1	5	99	26	17	2020/04/01	2021/04/01	0	1	0	0	0		414
R144	☆4	1	1	1	6	19	12	2020/04/21	2020/12/10	1	0	1	0	0		406
R157	☆4	1	6	0	23	30	16	2020/06/18	2020/09/29	1	1	0	0	0		461
R140	☆4	1	4	5	18	30	99	2020/07/09	2020/10/28	1	0	1	0	0		471
LM14	☆4	0	7	3	5	2	1	2020/08/11	2021/01/20	1	1	0	0	0		486
R139	☆4	1	3	6	26	19	12	2020/08/25	2021/02/25	1	1	0	0	0		487
LT06	☆4	0	1	8	16	9	4	2020/09/24	2021/03/25	0	0	0	0	0		503
R146	☆4	1	2	0	33	22	13	2020/10/15	2021/04/08	1	1	0	0	0		513
R166	☆4	1	1	2	23	19	12	2020/11/01	2021/04/30	1	1	0	0	0		519
CB09	☆4	1	3	1	26	19	12	2020/12/17	2021/06/22	1	0	0	0	0		555
CB16	☆4	1	0	2	29	19	12	2021/01/05	2021/07/06	1	0	0	0	0		563
II05	☆4	1	4	3	32	29	20	2021/06/01	2021/12/09	1	1	0	0	0		663
CB11	☆4	1	6	5	2	19	12	2021/09/17	2022/03/17	1	1	0	0	0		709
CB03	☆4	1	4	6	8	19	12	2021/11/01	2022/04/28	1	0	1	0	0		751
R134	☆4	0	5	3	19	30	99	2022/04/14	2022/10/19	1	0	0	0	0		818
R161	☆4	0	1	8	21	6	99	2022/09/15	2023/04/07	0	0	0	0	0		974
SG11	☆4	0	3	3	26	22	13	2022/10/11	2023/04/27	1	1	0	0	0		1021
CB18	☆4	1	1	10	28	19	12	2022/11/01	2023/05/23	1	0	0	0	0		1047
R171	☆4	0	1	7	22	30	12	2023/04/06	2023/10/24	1	1	0	0	0		1205
VC25	☆4	0	7	5	32	12	7	2023/10/08	2024/04/16	1	1	0	0	0		2647
BV32	☆4	1	3	8	14	25	16	2023/11/01	2024/04/30	0	0	0	0	0		3152
BV33	☆4	1	2	4	18	25	16	2024/04/11		0	0	0	0	0		6111
PA11	☆3	1	0	1	13	31	9	2019/04/30	2020/01/16	1	0	0	0	0	RF04	24
BS04	☆3	1	0	1	7	20	18	2019/04/30	2020/01/16	1	0	0	0	0		144
LT05	☆3	1	0	0	26	9	4	2019/04/30	2020/01/16	1	0	0	0	0		23
PA13	☆3	1	5	0	15	31	7	2019/04/30	2020/01/16	1	0	0	0	0	RF03	13
PA43	☆3	0	5	0	14	32	8	2019/04/30	2020/01/16	1	0	0	0	0		117
PA15	☆3	1	4	2	15	31	7	2019/04/30	2020/01/16	1	0	0	0	0	RF01	16
PA42	☆3	0	4	0	6	32	6	2019/04/30	2020/01/16	0	0	0	0	0		139
PA12	☆3	1	3	0	14	31	8	2019/04/30	2020/01/16	1	0	0	0	0	RF02	135
PA44	☆3	0	3	0	16	32	4	2019/04/30	2020/01/16	0	0	0	0	0		20
PA61	☆3	1	6	0	26	33	12	2019/04/30	2020/01/16	1	0	0	0	0		158
PA41	☆3	1	1	5	21	32	7	2019/04/30	2020/01/16	1	0	0	0	0		114
PA14	☆3	1	2	0	23	31	16	2019/04/30	2020/01/16	0	0	0	0	0		27
PA45	☆3	1	2	0	23	32	5	2019/04/30	2020/01/16	1	0	0	0	0		152
PA63	☆3	1	3	4	13	33	9	2019/05/23	2020/01/22	1	0	0	0	0		134
PA62	☆3	0	1	8	15	33	3	2019/05/30	2020/02/05	1	0	0	0	0		227
PA65	☆3	1	1	0	14	33	8	2019/07/09	2020/02/26	1	0	0	0	0		228
PA64	☆3	0	2	2	29	33	13	2019/07/09	2020/02/22	1	0	0	0	0		153
A41	☆2	1	0	1	10	34	3	2019/04/30	2020/01/16	1	0	0	0	0	MH02	25
A44	☆2	1	4	0	19	34	99	2019/04/30	2020/01/16	1	0	0	0	0		22
R303	☆2	0	4	2	17	30	99	2019/04/30	2020/01/16	1	0	0	0	0		140
A42	☆2	0	3	0	17	34	99	2019/04/30	2020/01/16	0	0	0	0	0		21
A43	☆2	0	2	0	10	34	3	2019/04/30	2020/01/16	1	0	0	0	0	MH03	28
RCX2	☆1	1	5	0	30	30	12	2019/04/30	2020/01/16	0	0	0	0	0		39
RCX3	☆1	0	1	5	30	30	12	2019/04/30	2020/01/16	0	0	0	0	0		233
RCX4	☆1	0	7	0	30	30	12	2020/05/01	2020/12/30	0	0	0	0	0		419
KZ15	☆1	1	3	0	30	16	12	2021/11/01	2022/04/28	0	0	0	0	0		750
MH01	☆1	3	3	5	99	30	99	2023/03/07	2023/09/07	0	0	0	0	0		1160
U007	☆1	1	6	4	18	30	99	2023/04/01	2024/04/01	0	0	0	0	0		1190
RCX5	☆1	0	2	0	30	30	21	2023/04/01	2024/04/01	0	0	0	0	0		1254
RCX6	☆1	1	6	6	30	30	21	2024/05/01		0	0	0	0	0		6163
